hover_label,code_type,nkd,logical_efficiency,weight,num_layers,avg_coupler_length,max_avg_face_switches,avg_tsvs_per_edge,hardware_cost,layout_dir_path
"Surface code [[n, 1, sqrt(n)]]",Surface code,"(169, 1, 13)",1.0,4.0,1.0,1.0,0.0,0.0,1.0,"assets/surface_codes/[[169, 1, 13]]"
"Directional code [[120, 4, 8]]",Directional code,"(120, 4, 8)",2.1333333333333333,3.0,1.0,1.0,0.0,0.0,1.0,"assets/directional_codes/[[120, 4, 8]]"
"Directional code [[72, 4, 6]]",Directional code,"(72, 4, 6)",2.0,3.0,1.0,1.0,0.0,0.0,1.0,"assets/directional_codes/[[72, 4, 6]]"
"Directional code [[144, 6, 6]]",Directional code,"(144, 6, 6)",1.5,4.0,1.0,1.0,0.0,0.0,1.0,"assets/directional_codes/[[144, 6, 6]]"
"Directional code [[288, 12, 8]]",Directional code,"(288, 12, 8)",2.6666666666666665,4.0,1.0,1.0,0.0,0.0,1.0,"assets/directional_codes/[[288, 12, 8]]"
"Directional code [[64, 6, 4]]",Directional code,"(64, 6, 4)",1.5,4.0,1.0,1.0,0.0,0.0,1.0,"assets/directional_codes/[[64, 6, 4]]"
"Directional code [[144, 12, 6]]",Directional code,"(144, 12, 6)",3.0,4.0,1.0,1.0,0.0,0.0,1.0,"assets/directional_codes/[[144, 12, 6]]"
"Directional code [[36, 4, 4]]",Directional code,"(36, 4, 4)",1.7777777777777777,3.0,1.0,1.0,0.0,0.0,1.0,"assets/directional_codes/[[36, 4, 4]]"
"Directional code [[48, 12, 4]]",Directional code,"(48, 12, 4)",4.0,4.0,1.0,1.0,0.0,0.0,1.0,"assets/directional_codes/[[48, 12, 4]]"
"Directional code [[180, 4, 10]]",Directional code,"(180, 4, 10)",2.2222222222222223,3.0,1.0,1.0,0.0,0.0,1.0,"assets/directional_codes/[[180, 4, 10]]"
"Directional code [[256, 6, 8]]",Directional code,"(256, 6, 8)",1.5,4.0,1.0,1.0,0.0,0.0,1.0,"assets/directional_codes/[[256, 6, 8]]"
"BB code [[96, 4, 12]]",BB code,"(96, 4, 12)",6.0,6.0,5.0,9.61482378326206,5.08,3.0625,2.062008993979502,"assets/20250718_23h11m38s_GT_[[96, 4, 12]]"
"BB code [[48, 4, 8]]",BB code,"(48, 4, 8)",5.333333333333333,6.0,4.0,7.167101840736295,3.8333333333333335,2.440677966101695,1.801781548306705,"assets/20250718_22h32m36s_GT_[[48, 4, 8]]"
"BB code [[288, 16, 12]]",BB code,"(288, 16, 12)",8.0,6.0,6.0,15.725245724915087,5.0,3.5128205128205128,2.326769646204906,"assets/20250719_12h05m41s_GT_[[288, 16, 12]]"
"BB code [[364, 6, 26]]",BB code,"(364, 6, 26)",11.142857142857142,6.0,7.0,17.452710919897257,5.620689655172414,3.6982097186700766,2.491496994445706,"assets/20250720_02h48m42s_GT_[[364, 6, 26]]"
"BB code [[28, 6, 4]]",BB code,"(28, 6, 4)",3.4285714285714284,6.0,3.0,4.736355055503991,4.349206349206349,2.2972972972972974,1.6920544786975047,"assets/20250718_22h28m32s_GT_[[28, 6, 4]]"
"BB code [[240, 8, 18]]",BB code,"(240, 8, 18)",10.8,6.0,5.0,13.782748077763843,5.388059701492537,2.8053435114503817,2.175608692790922,"assets/20250719_05h47m57s_GT_[[240, 8, 18]]"
"BB code [[140, 6, 14]]",BB code,"(140, 6, 14)",8.4,6.0,5.0,10.469250722966994,3.6623376623376624,2.987261146496816,1.990869275075477,"assets/20250719_00h16m49s_GT_[[140, 6, 14]]"
"BB code [[350, 6, 26]]",BB code,"(350, 6, 26)",11.588571428571427,6.0,7.0,26.4539043914876,5.043010752688172,4.079487179487179,2.73719833676382,"assets/20250719_21h11m43s_GT_[[350, 6, 26]]"
"BB code [[112, 6, 12]]",BB code,"(112, 6, 12)",7.714285714285714,6.0,4.0,8.69735886424347,4.421875,2.9921259842519685,1.9270265435277605,"assets/20250718_23h26m11s_GT_[[112, 6, 12]]"
"BB code [[108, 8, 10]]",BB code,"(108, 8, 10)",7.407407407407407,6.0,5.0,8.924129265099754,5.175182481751825,3.333333333333333,2.071341384695593,"assets/20250718_23h22m59s_GT_[[108, 8, 10]]"
"BB code [[170, 16, 10]]",BB code,"(170, 16, 10)",9.411764705882351,6.0,6.0,13.130818556633235,5.176470588235294,3.302083333333333,2.2481702050045183,"assets/20250719_01h56m10s_GT_[[170, 16, 10]]"
"BB code [[280, 6, 22]]",BB code,"(280, 6, 22)",10.371428571428572,6.0,6.0,25.78494863977712,4.422222222222223,3.3322683706070286,2.5550487153221724,"assets/20250719_10h46m02s_GT_[[280, 6, 22]]"
"BB code [[70, 6, 8]]",BB code,"(70, 6, 8)",5.485714285714286,6.0,4.0,6.8537316024577954,3.1739130434782608,2.3780487804878048,1.746643952548536,"assets/20250718_22h52m34s_GT_[[70, 6, 8]]"
"BB code [[162, 8, 14]]",BB code,"(162, 8, 14)",9.679012345679013,6.0,5.0,10.689172162006267,4.822916666666667,3.533333333333333,2.115020407277952,"assets/20250719_01h39m19s_GT_[[162, 8, 14]]"
"BB code [[180, 8, 16]]",BB code,"(180, 8, 16)",11.377777777777778,6.0,6.0,13.553592824218136,5.634920634920635,3.9502487562189055,2.3425808478179526,"assets/20250719_02h16m08s_GT_[[180, 8, 16]]"
"BB code [[150, 8, 12]]",BB code,"(150, 8, 12)",7.68,6.0,5.0,19.024990648422023,4.307692307692308,3.3876404494382024,2.302228324695676,"assets/20250719_00h57m46s_GT_[[150, 8, 12]]"
"BB code [[378, 12, 22]]",BB code,"(378, 12, 22)",15.365079365079366,6.0,7.0,20.094466028928544,5.155778894472362,4.08578431372549,2.5681200411852174,"assets/20250720_07h10m23s_GT_[[378, 12, 22]]"
"BB code [[30, 4, 6]]",BB code,"(30, 4, 6)",4.8,6.0,3.0,3.744778976679429,3.7058823529411766,2.210526315789474,1.6170720338379303,"assets/20250718_22h29m17s_GT_[[30, 4, 6]]"
"BB code [[138, 4, 14]]",BB code,"(138, 4, 14)",5.681159420289855,6.0,5.0,13.476578067175303,3.933333333333333,3.1890243902439024,2.1081569788307504,"assets/20250719_00h11m11s_GT_[[138, 4, 14]]"
"BB code [[324, 8, 22]]",BB code,"(324, 8, 22)",11.950617283950615,6.0,6.0,15.232733921752706,4.351515151515152,3.886039886039886,2.303660074188373,"assets/20250719_18h11m11s_GT_[[324, 8, 22]]"
"BB code [[78, 4, 10]]",BB code,"(78, 4, 10)",5.128205128205129,6.0,5.0,11.232991440866318,3.253968253968254,3.0851063829787235,1.9947149767008627,"assets/20250718_22h58m01s_GT_[[78, 4, 10]]"
"BB code [[392, 6, 28]]",BB code,"(392, 6, 28)",12.0,6.0,7.0,22.32240705399085,5.164893617021277,4.351288056206089,2.652702273914083,"assets/20250720_08h16m04s_GT_[[392, 6, 28]]"
"BB code [[84, 6, 10]]",BB code,"(84, 6, 10)",7.142857142857143,6.0,4.0,10.840322477358994,4.134328358208955,3.1386138613861387,1.9807889685413207,"assets/20250718_23h01m02s_GT_[[84, 6, 10]]"
"BB code [[224, 6, 20]]",BB code,"(224, 6, 20)",10.714285714285714,6.0,5.0,20.964726127845324,3.7211538461538463,3.15234375,2.299843153658097,"assets/20250719_04h33m04s_GT_[[224, 6, 20]]"
"BB code [[182, 6, 18]]",BB code,"(182, 6, 18)",10.68131868131868,6.0,4.0,10.33514825326374,4.259541984732825,3.1732673267326734,1.9774699916419616,"assets/20250719_02h23m14s_GT_[[182, 6, 18]]"
"BB code [[238, 6, 20]]",BB code,"(238, 6, 20)",10.084033613445378,6.0,6.0,14.552071388075207,4.514285714285714,3.8206106870229006,2.2894735085079656,"assets/20250719_05h38m58s_GT_[[238, 6, 20]]"
"BB code [[266, 6, 22]]",BB code,"(266, 6, 22)",10.917293233082706,6.0,5.0,17.511668901137096,4.25,2.8801369863013697,2.214293885001145,"assets/20250719_10h02m46s_GT_[[266, 6, 22]]"
"BB code [[24, 4, 4]]",BB code,"(24, 4, 4)",2.6666666666666665,6.0,3.0,3.651340996168583,2.5,2.129032258064516,1.5323177158433925,"assets/20250718_22h28m06s_GT_[[24, 4, 4]]"
"BB code [[252, 12, 16]]",BB code,"(252, 12, 16)",12.19047619047619,6.0,6.0,17.197689023601455,5.010309278350515,3.642599277978339,2.379130075939587,"assets/20250719_08h31m03s_GT_[[252, 12, 16]]"
"BB code [[18, 4, 4]]",BB code,"(18, 4, 4)",3.555555555555556,6.0,3.0,3.068477366255145,3.0444444444444443,2.125,1.5498188157293096,"assets/20250718_22h27m52s_GT_[[18, 4, 4]]"
"BB code [[360, 12, 24]]",BB code,"(360, 12, 24)",19.2,6.0,8.0,20.457701668018707,5.324324324324325,4.69949494949495,2.702386562395369,"assets/20250720_02h30m29s_GT_[[360, 12, 24]]"
"BB code [[126, 12, 10]]",BB code,"(126, 12, 10)",9.523809523809524,6.0,5.0,9.9072762084118,5.396825396825397,2.908450704225352,2.0770968184429166,"assets/20250718_23h57m06s_GT_[[126, 12, 10]]"
"BB code [[310, 10, 22]]",BB code,"(310, 10, 22)",15.612903225806452,6.0,8.0,22.80644211512562,5.817204301075269,5.635838150289017,2.8764629512058897,"assets/20250719_15h36m09s_GT_[[310, 10, 22]]"
"BB code [[192, 8, 16]]",BB code,"(192, 8, 16)",10.666666666666666,6.0,6.0,12.837026961814628,4.849557522123894,3.660377358490566,2.2494350961684746,"assets/20250719_02h34m26s_GT_[[192, 8, 16]]"
"BB code [[60, 8, 6]]",BB code,"(60, 8, 6)",4.8,6.0,4.0,8.80261487975171,3.358974358974359,2.643835616438356,1.8344948343544192,"assets/20250718_22h36m32s_GT_[[60, 8, 6]]"
"BB code [[102, 4, 12]]",BB code,"(102, 4, 12)",5.647058823529412,6.0,5.0,14.485865487169836,3.8947368421052633,3.0901639344262297,2.1255420884773715,"assets/20250718_23h15m49s_GT_[[102, 4, 12]]"
"BB code [[56, 6, 8]]",BB code,"(56, 6, 8)",6.857142857142857,6.0,4.0,6.386635603193412,3.639175257731959,2.6865671641791047,1.7884578173785457,"assets/20250718_22h35m14s_GT_[[56, 6, 8]]"
"BB code [[258, 4, 22]]",BB code,"(258, 4, 22)",7.503875968992248,6.0,6.0,19.913364513462103,4.689265536723164,5.3355263157894735,2.5755775255127125,"assets/20250719_09h28m48s_GT_[[258, 4, 22]]"
"BB code [[66, 4, 10]]",BB code,"(66, 4, 10)",6.0606060606060606,6.0,4.0,8.782599144269884,2.333333333333333,2.6375,1.7693083095630524,"assets/20250718_22h51m26s_GT_[[66, 4, 10]]"
"BB code [[322, 6, 24]]",BB code,"(322, 6, 24)",10.732919254658386,6.0,6.0,18.65703022238926,4.844984802431611,3.846590909090909,2.426333854309253,"assets/20250719_18h01m00s_GT_[[322, 6, 24]]"
"BB code [[390, 8, 26]]",BB code,"(390, 8, 26)",13.866666666666667,6.0,6.0,18.41782583073971,5.093220338983051,3.351674641148325,2.39396098658046,"assets/20250720_08h07m29s_GT_[[390, 8, 26]]"
"BB code [[54, 8, 6]]",BB code,"(54, 8, 6)",5.333333333333333,6.0,5.0,7.286797360248447,3.5,2.863636363636364,1.882019623643265,"assets/20250718_22h33m53s_GT_[[54, 8, 6]]"
"BB code [[42, 6, 6]]",BB code,"(42, 6, 6)",5.142857142857143,6.0,3.0,5.252848923460524,3.947368421052632,2.3653846153846154,1.686960603249522,"assets/20250718_22h31m38s_GT_[[42, 6, 6]]"
"BB code [[340, 16, 18]]",BB code,"(340, 16, 18)",15.24705882352941,6.0,7.0,28.401319584377983,4.306122448979592,3.7598944591029024,2.7186049575525213,"assets/20250719_19h47m26s_GT_[[340, 16, 18]]"
"BB code [[294, 10, 20]]",BB code,"(294, 10, 20)",13.605442176870747,6.0,6.0,20.196509305545245,4.7727272727272725,3.642857142857143,2.447603252715362,"assets/20250719_13h05m31s_GT_[[294, 10, 20]]"
"BB code [[98, 6, 12]]",BB code,"(98, 6, 12)",8.816326530612244,6.0,5.0,8.485131823712127,5.857142857142857,3.107142857142857,2.082920328436448,"assets/20250718_23h13m54s_GT_[[98, 6, 12]]"
"BB code [[210, 10, 16]]",BB code,"(210, 10, 16)",12.19047619047619,6.0,7.0,16.96466957633761,5.790322580645161,5.351694915254237,2.6263327813486645,"assets/20250719_03h52m31s_GT_[[210, 10, 16]]"
"BB code [[276, 4, 24]]",BB code,"(276, 4, 24)",8.347826086956522,6.0,6.0,19.28917202874909,3.902439024390244,3.501639344262295,2.3562382740670564,"assets/20250719_10h38m10s_GT_[[276, 4, 24]]"
"BB code [[120, 8, 12]]",BB code,"(120, 8, 12)",9.6,6.0,4.0,9.718144993273006,4.830188679245283,2.5661764705882355,1.9454055259261,"assets/20250718_23h33m53s_GT_[[120, 8, 12]]"
"Narrow BB code [[14, 6, 2]]",Narrow BB code,"(14, 6, 2)",1.7142857142857142,6.0,3.0,5.65703947368421,3.02,2.076923076923077,1.6161891306792624,"assets/20250725_13h17m30s_GT_[[14, 6, 2]]"
"Narrow BB code [[366, 4, 28]]",Narrow BB code,"(366, 4, 28)",8.568306010928962,6.0,10.0,25.0062663110244,6.226666666666667,5.149708360337006,3.0476497608898727,"assets/20250721_13h15m43s_GT_[[366, 4, 28]]"
"Narrow BB code [[372, 10, 24]]",Narrow BB code,"(372, 10, 24)",15.483870967741936,6.0,10.0,22.19787617147238,6.0390625,5.005082592121982,2.945861515912176,"assets/20250721_14h24m45s_GT_[[372, 10, 24]]"
"Narrow BB code [[146, 18, 4]]",Narrow BB code,"(146, 18, 4)",1.9726027397260275,6.0,6.0,16.25248181218607,4.97196261682243,3.094771241830065,2.3048253173757427,"assets/20250720_21h17m14s_GT_[[146, 18, 4]]"
"Narrow BB code [[196, 6, 18]]",Narrow BB code,"(196, 6, 18)",9.918367346938776,6.0,7.0,18.795201274039847,5.9375,3.769911504424779,2.554564188536505,"assets/20250720_21h58m01s_GT_[[196, 6, 18]]"
"Narrow BB code [[132, 4, 14]]",Narrow BB code,"(132, 4, 14)",5.9393939393939394,6.0,6.0,13.3242345539242,5.4,3.3435114503816794,2.2709658029185897,"assets/20250720_21h10m42s_GT_[[132, 4, 14]]"
"Narrow BB code [[198, 8, 16]]",Narrow BB code,"(198, 8, 16)",10.343434343434344,6.0,8.0,17.508879919793763,6.204545454545454,3.881334981458591,2.607308670469356,"assets/20250720_22h11m32s_GT_[[198, 8, 16]]"
"Narrow BB code [[156, 4, 16]]",Narrow BB code,"(156, 4, 16)",6.564102564102564,6.0,7.0,14.25814796526002,5.545454545454546,3.556291390728477,2.386230412908838,"assets/20250720_21h31m25s_GT_[[156, 4, 16]]"
"Narrow BB code [[312, 8, 22]]",Narrow BB code,"(312, 8, 22)",12.41025641025641,6.0,9.0,21.71185634582899,5.7075471698113205,4.184049079754601,2.7807217976991185,"assets/20250721_06h50m13s_GT_[[312, 8, 22]]"
"Narrow BB code [[354, 4, 28]]",Narrow BB code,"(354, 4, 28)",8.858757062146893,6.0,9.0,20.08084655000779,5.9523809523809526,4.650666666666667,2.78960288035736,"assets/20250721_12h14m34s_GT_[[354, 4, 28]]"
"Narrow BB code [[270, 8, 20]]",Narrow BB code,"(270, 8, 20)",11.851851851851851,6.0,11.0,19.849171862749905,5.84375,4.779569892473118,2.9121199733380347,"assets/20250725_22h31m25s_GT_[[270, 8, 20]]"
"Narrow BB code [[124, 10, 10]]",Narrow BB code,"(124, 10, 10)",8.064516129032258,6.0,7.0,11.781250916765694,5.898305084745763,3.8174603174603177,2.361244953050684,"assets/20250720_21h05m25s_GT_[[124, 10, 10]]"
"Narrow BB code [[186, 10, 14]]",Narrow BB code,"(186, 10, 14)",10.53763440860215,6.0,7.0,17.611027692291348,5.627906976744186,3.759890859481583,2.5014858602336254,"assets/20250720_21h48m09s_GT_[[186, 10, 14]]"
"Narrow BB code [[154, 6, 16]]",Narrow BB code,"(154, 6, 16)",9.974025974025974,6.0,6.0,14.129026896405447,5.441860465116279,3.496815286624204,2.3087127445219355,"assets/20250720_21h24m00s_GT_[[154, 6, 16]]"
"Narrow BB code [[174, 4, 18]]",Narrow BB code,"(174, 4, 18)",7.448275862068965,6.0,9.0,16.781517160371482,5.591836734693878,4.521497919556172,2.6646567658917006,"assets/20250725_17h16m01s_GT_[[174, 4, 18]]"
"Narrow BB code [[12, 4, 2]]",Narrow BB code,"(12, 4, 2)",1.3333333333333333,6.0,3.0,3.767440925087984,2.3823529411764706,2.1621621621621623,1.5309505980339315,"assets/20250725_13h17m15s_GT_[[12, 4, 2]]"
"Narrow BB code [[308, 6, 24]]",Narrow BB code,"(308, 6, 24)",11.22077922077922,6.0,9.0,17.065077832094225,5.8375,4.672911787665886,2.7005052276414414,"assets/20250721_05h55m50s_GT_[[308, 6, 24]]"
"Narrow BB code [[72, 8, 8]]",Narrow BB code,"(72, 8, 8)",7.111111111111111,6.0,5.0,8.28622873862605,5.423076923076923,2.9846153846153847,2.0400554991498687,"assets/20250725_13h36m37s_GT_[[72, 8, 8]]"
"Narrow BB code [[264, 8, 20]]",Narrow BB code,"(264, 8, 20)",12.12121212121212,6.0,8.0,19.23086872344012,5.746478873239437,4.193078324225866,2.6524911433585125,"assets/20250721_01h33m00s_GT_[[264, 8, 20]]"
"Narrow BB code [[246, 4, 22]]",Narrow BB code,"(246, 4, 22)",7.869918699186992,6.0,8.0,21.759309554515024,5.8559322033898304,4.161838161838162,2.7269630971571286,"assets/20250721_00h00m34s_GT_[[246, 4, 22]]"
"Narrow BB code [[396, 8, 26]]",Narrow BB code,"(396, 8, 26)",13.656565656565656,6.0,10.0,23.659589980065423,6.320987654320987,5.493234932349323,3.044764361092656,"assets/20250721_17h07m15s_GT_[[396, 8, 26]]"
"Narrow BB code [[248, 10, 18]]",Narrow BB code,"(248, 10, 18)",13.064516129032258,6.0,8.0,18.13905827803548,5.959677419354839,4.176356589147287,2.634094506639604,"assets/20250721_00h24m09s_GT_[[248, 10, 18]]"
"Narrow BB code [[384, 12, 24]]",Narrow BB code,"(384, 12, 24)",18.0,6.0,11.0,23.45629781724572,6.4423076923076925,5.317249698431846,3.0945344227842657,"assets/20250721_15h40m23s_GT_[[384, 12, 24]]"
"Narrow BB code [[306, 8, 22]]",Narrow BB code,"(306, 8, 22)",12.65359477124183,6.0,9.0,19.23425626998502,6.10752688172043,4.686335403726708,2.778755499028781,"assets/20250721_05h04m49s_GT_[[306, 8, 22]]"
"Narrow BB code [[204, 4, 20]]",Narrow BB code,"(204, 4, 20)",7.84313725490196,6.0,7.0,16.44806852892299,5.804878048780488,4.074679113185531,2.506474485506547,"assets/20250720_22h22m36s_GT_[[204, 4, 20]]"
"Narrow BB code [[36, 4, 6]]",Narrow BB code,"(36, 4, 6)",4.0,6.0,3.0,6.645271446660336,3.308333333333333,2.2222222222222223,1.6737691142590834,"assets/20250725_13h20m25s_GT_[[36, 4, 6]]"
"Narrow BB code [[216, 8, 18]]",Narrow BB code,"(216, 8, 18)",12.0,6.0,8.0,18.530727973445785,6.016393442622951,3.686318131256952,2.60768243369773,"assets/20250720_22h36m23s_GT_[[216, 8, 18]]"
"Narrow BB code [[292, 18, 8]]",Narrow BB code,"(292, 18, 8)",3.945205479452055,6.0,9.0,18.733700640962425,6.166666666666667,4.3667763157894735,2.741917488564746,"assets/20250721_03h30m32s_GT_[[292, 18, 8]]"
"Narrow BB code [[282, 4, 24]]",Narrow BB code,"(282, 4, 24)",8.170212765957446,6.0,8.0,19.68821693397125,5.969230769230769,3.937394247038917,2.657810247384923,"assets/20250721_02h50m42s_GT_[[282, 4, 24]]"
"Narrow BB code [[330, 8, 24]]",Narrow BB code,"(330, 8, 24)",13.963636363636365,6.0,10.0,19.463919827222742,5.791044776119403,4.821249102656138,2.83909771892944,"assets/20250721_08h28m01s_GT_[[330, 8, 24]]"
"Narrow BB code [[318, 4, 26]]",Narrow BB code,"(318, 4, 26)",8.50314465408805,6.0,9.0,23.93677393286239,5.890756302521009,4.867452135493372,2.910925889444855,"assets/20250721_07h29m27s_GT_[[318, 4, 26]]"
"Narrow BB code [[114, 4, 14]]",Narrow BB code,"(114, 4, 14)",6.87719298245614,6.0,6.0,13.17673333969985,5.46,3.368200836820084,2.2726759958377807,"assets/20250725_14h46m28s_GT_[[114, 4, 14]]"
"Narrow BB code [[336, 10, 22]]",Narrow BB code,"(336, 10, 22)",14.404761904761903,6.0,9.0,21.714403894761706,6.337662337662338,4.988388969521045,2.8872030850851416,"assets/20250721_09h24m47s_GT_[[336, 10, 22]]"
"Narrow BB code [[342, 8, 22]]",Narrow BB code,"(342, 8, 22)",11.321637426900583,6.0,11.0,26.93239723707136,6.113924050632911,5.366779661016949,3.174696259279062,"assets/20250721_10h25m37s_GT_[[342, 8, 22]]"
"Narrow BB code [[90, 8, 10]]",Narrow BB code,"(90, 8, 10)",8.88888888888889,6.0,6.0,11.335060757347156,5.271186440677966,3.327380952380953,2.20631591961154,"assets/20250725_13h49m05s_GT_[[90, 8, 10]]"
"Narrow BB code [[62, 10, 6]]",Narrow BB code,"(62, 10, 6)",5.806451612903226,6.0,5.0,10.093383359743052,4.803921568627451,2.8702928870292888,2.042030154173408,"assets/20250720_21h03m37s_GT_[[62, 10, 6]]"
"Narrow BB code [[254, 14, 16]]",Narrow BB code,"(254, 14, 16)",14.11023622047244,6.0,8.0,19.80511896526232,6.402173913043479,4.454632282712512,2.7312196421596577,"assets/20250721_00h42m13s_GT_[[254, 14, 16]]"
"Narrow BB code [[234, 8, 18]]",Narrow BB code,"(234, 8, 18)",11.076923076923077,6.0,8.0,17.90267822671025,5.920353982300885,4.090241343126968,2.6178944087852263,"assets/20250720_23h35m17s_GT_[[234, 8, 18]]"
"Narrow BB code [[228, 4, 20]]",Narrow BB code,"(228, 4, 20)",7.017543859649122,6.0,7.0,19.884411755563125,5.955223880597015,3.795744680851064,2.588080542484989,"assets/20250720_23h03m16s_GT_[[228, 4, 20]]"
"Narrow BB code [[348, 4, 26]]",Narrow BB code,"(348, 4, 26)",7.770114942528735,6.0,8.0,20.809596732200745,5.986111111111111,4.314802411252511,2.7214653879432857,"assets/20250721_11h24m01s_GT_[[348, 4, 26]]"
"Narrow BB code [[222, 4, 20]]",Narrow BB code,"(222, 4, 20)",7.207207207207207,6.0,7.0,19.42961282069908,6.2075471698113205,3.798895027624309,2.59147997321243,"assets/20250720_22h48m17s_GT_[[222, 4, 20]]"
"Narrow BB code [[168, 8, 14]]",Narrow BB code,"(168, 8, 14)",9.333333333333334,6.0,7.0,17.75016783430245,5.484848484848484,3.4885057471264367,2.4737942824053016,"assets/20250720_21h40m46s_GT_[[168, 8, 14]]"
"Narrow BB code [[300, 8, 22]]",Narrow BB code,"(300, 8, 22)",12.906666666666666,6.0,8.0,18.72200469953076,6.088495575221239,4.243862520458265,2.663964091809815,"assets/20250721_04h12m11s_GT_[[300, 8, 22]]"
"Gross code [[144, 12, 12]]",Gross code,"(144, 12, 12)",12.0,6.0,5.0,11.077393334893337,5.059459459459459,3.265432098765432,2.1182631504159284,"assets/20250719_00h23m10s_GT_[[144, 12, 12]]"
"Gross code [[288, 12, 18]]",Gross code,"(288, 12, 18)",13.5,6.0,5.0,13.94063917011156,5.134831460674158,3.75,2.2428891654619005,"assets/20250719_12h14m48s_GT_[[288, 12, 18]]"
"Tile code [[368, 8, 15]]",Tile code,"(368, 8, 15)",4.891304347826087,6.0,3.0,2.8812854913682755,2.6265060240963853,2.300341296928328,1.5331096648991702,"assets/20250728_11h56m51s_TC_[[368, 8, 15]]_(9, 15)"
"Tile code [[347, 8, 14]]",Tile code,"(347, 8, 14)",4.518731988472623,6.0,3.0,2.9731263102725367,2.7211740041928723,2.262295081967213,1.538407029600226,"assets/20250728_11h53m57s_TC_[[347, 8, 14]]_(9, 14)"
"Tile code [[188, 8, 9]]",Tile code,"(188, 8, 9)",3.4468085106382977,6.0,3.0,2.9828443091543253,2.8891129032258065,2.166358595194085,1.5411784479720736,"assets/20250728_11h44m10s_TC_[[188, 8, 9]]_(6, 10)"
"Tile code [[365, 12, 16]]",Tile code,"(365, 12, 16)",8.416438356164383,8.0,5.0,4.36432311012714,2.8603213844252164,2.95986895986896,1.7688792529080766,"assets/20250728_12h20m37s_TC_[[365, 12, 16]]_(7, 17)"
"Tile code [[382, 12, 17]]",Tile code,"(382, 12, 17)",9.078534031413612,8.0,5.0,4.249768073855337,2.8585858585858586,2.858255451713396,1.7571209058559365,"assets/20250728_12h34m49s_TC_[[382, 12, 17]]_(7, 18)"
"Tile code [[295, 8, 12]]",Tile code,"(295, 8, 12)",3.905084745762712,6.0,3.0,2.848602493475649,2.863970588235294,2.212486308871851,1.5397220901005726,"assets/20250720_12h28m08s_TC_[[295, 8, 12]]_(8, 13)"
"Tile code [[173, 8, 8]]",Tile code,"(173, 8, 8)",2.959537572254335,6.0,3.0,2.963202450376638,2.8962472406181017,2.1547861507128308,1.5401143664973849,"assets/20250728_11h43m01s_TC_[[173, 8, 8]]_(6, 9)"
"Tile code [[512, 18, 23]]",Tile code,"(512, 18, 23)",18.59765625,10.0,7.0,3.725661496617613,2.6850393700787403,4.079127725856698,1.9584550904684688,"assets/20250728_13h54m29s_TC_[[512, 18, 23]]"
"Tile code [[230, 8, 10]]",Tile code,"(230, 8, 10)",3.4782608695652173,6.0,3.0,2.867253498504068,2.8368,2.1778425655976674,1.5356550332026964,"assets/20250728_11h45m14s_TC_[[230, 8, 10]]_(7, 11)"
"Tile code [[512, 18, 19]]",Tile code,"(512, 18, 19)",12.69140625,8.0,6.0,3.356194411766964,2.748502994011976,3.644852659778033,1.8534690035452224,"assets/20250728_13h13m03s_TC_[[512, 18, 19]]"
"Tile code [[137, 8, 7]]",Tile code,"(137, 8, 7)",2.8613138686131387,6.0,3.0,2.8911017770880343,2.976878612716763,2.1297297297297297,1.5410629956913873,"assets/20250728_11h42m10s_TC_[[137, 8, 7]]_(5, 8)"
"Tile code [[105, 8, 6]]",Tile code,"(105, 8, 6)",2.742857142857143,6.0,3.0,2.9076546054977963,2.9554655870445345,2.1358490566037736,1.540694426282203,"assets/20250728_11h41m38s_TC_[[105, 8, 6]]_(4, 7)"
"Tile code [[288, 18, 13]]",Tile code,"(288, 18, 13)",10.5625,8.0,5.0,3.23846330702872,3.2612942612942613,3.164291072768192,1.779701350367927,"assets/20250728_12h57m53s_TC_[[288, 18, 13]]"
"Tile code [[227, 12, 11]]",Tile code,"(227, 12, 11)",6.39647577092511,8.0,5.0,4.117257111337161,3.2605504587155965,2.622905027932961,1.7589502979790592,"assets/20250728_12h00m08s_TC_[[227, 12, 11]]_(5, 13)"
"Tile code [[276, 8, 11]]",Tile code,"(276, 8, 11)",3.5072463768115942,6.0,3.0,2.932701325246845,2.8684210526315788,2.20543093270366,1.5417483747716354,"assets/20250728_11h46m37s_TC_[[276, 8, 11]]_(8, 12)"
"Tile code [[240, 12, 12]]",Tile code,"(240, 12, 12)",7.2,8.0,5.0,3.9511847051372655,3.168110918544194,2.66232073011734,1.7518443461726034,"assets/20250728_12h05m08s_TC_[[240, 12, 12]]_(5, 14)"
"Tile code [[326, 8, 13]]",Tile code,"(326, 8, 13)",4.147239263803681,6.0,3.0,2.862753664822428,2.6186152099886493,2.279296875,1.5303480142304693,"assets/20250728_11h51m34s_TC_[[326, 8, 13]]_(9, 13)"
"Tile code [[399, 12, 18]]",Tile code,"(399, 12, 18)",9.74436090225564,8.0,5.0,4.109093210692571,2.8773690078037903,2.9525222551928785,1.762242784550826,"assets/20250728_12h45m34s_TC_[[399, 12, 18]]_(7, 19)"
"Tile code [[292, 12, 14]]",Tile code,"(292, 12, 14)",8.054794520547945,8.0,5.0,4.190789214966791,3.17956204379562,2.7714884696016773,1.76831303395311,"assets/20250728_12h11m24s_TC_[[292, 12, 14]]_(6, 15)"
"Radial code [[160, 18, 10]]",Radial code,"(160, 18, 10)",11.25,8.0,8.0,15.513091415017184,6.313131313131313,4.854330708661418,2.639739694320747,"assets/20250716_15h08m19s_RadialCode_[[160,18,10]]"
"Radial code [[104, 2, 26]]",Radial code,"(104, 2, 26)",13.0,4.0,3.0,9.998833516154038,2.591549295774648,2.161812297734628,1.71709045346808,"assets/20250716_13h57m49s_RadialCode_[[104,2,26]]"
"Radial code [[126, 8, 14]]",Radial code,"(126, 8, 14)",12.444444444444445,6.0,5.0,13.19400513597636,5.304347826086956,3.1570576540755466,2.183332241858296,"assets/20250716_14h03m35s_RadialCode_[[126,8,14]]"
"Radial code [[88, 2, 22]]",Radial code,"(88, 2, 22)",11.0,4.0,3.0,11.052602707749765,2.450892857142857,2.0689655172413794,1.7298335607790372,"assets/20250716_13h57m18s_RadialCode_[[88,2,22]]"
"Radial code [[198, 8, 22]]",Radial code,"(198, 8, 22)",19.555555555555557,6.0,7.0,17.823341210855222,5.942528735632184,3.7637997432605914,2.527373058216928,"assets/20250716_14h08m23s_RadialCode_[[198,8,22]]"
"Radial code [[54, 8, 6]]",Radial code,"(54, 8, 6)",5.333333333333333,6.0,4.0,9.184548696829234,5.181818181818182,2.6820276497695854,1.962214515423025,"assets/20250716_13h59m34s_RadialCode_[[54,8,6]]"
"Radial code [[234, 8, 26]]",Radial code,"(234, 8, 26)",23.11111111111111,6.0,8.0,20.87864649457431,5.949579831932773,3.9935965848452506,2.694333079748856,"assets/20250716_14h21m21s_RadialCode_[[234,8,26]]"
"Radial code [[90, 8, 10]]",Radial code,"(90, 8, 10)",8.88888888888889,6.0,5.0,12.687860974944329,5.609756097560975,2.929971988795518,2.1694368933567523,"assets/20250716_14h01m13s_RadialCode_[[90,8,10]]"
"Radial code [[16, 2, 4]]",Radial code,"(16, 2, 4)",2.0,4.0,2.0,2.7646559603081338,1.7777777777777777,2.0,1.389295998897448,"assets/20250716_13h56m22s_RadialCode_[[16,2,4]]"
"Radial code [[24, 2, 6]]",Radial code,"(24, 2, 6)",3.0,4.0,2.0,3.282093100398054,2.357142857142857,2.0,1.4398795702491525,"assets/20250716_13h56m28s_RadialCode_[[24,2,6]]"
"Radial code [[416, 18, 26]]",Radial code,"(416, 18, 26)",29.25,8.0,15.0,33.4654829062116,6.835365853658536,8.85514705882353,3.941958257039275,"assets/20250716_17h55m05s_RadialCode_[[416,18,26]]"
"Radial code [[40, 2, 10]]",Radial code,"(40, 2, 10)",5.0,4.0,2.0,4.920178137651822,2.230769230769231,2.0,1.4774835807467386,"assets/20250716_13h56m35s_RadialCode_[[40,2,10]]"
"Radial code [[56, 2, 14]]",Radial code,"(56, 2, 14)",7.0,4.0,2.0,3.8376810732615976,2.539325842696629,2.0,1.4666990060924725,"assets/20250716_13h56m48s_RadialCode_[[56,2,14]]"
"Radial code [[224, 18, 14]]",Radial code,"(224, 18, 14)",15.75,8.0,10.0,20.583737773049045,6.776470588235294,5.984753984753985,3.028751626412234,"assets/20250716_15h30m59s_RadialCode_[[224,18,14]]"
"Radial code [[352, 18, 22]]",Radial code,"(352, 18, 22)",24.75,8.0,14.0,26.871901169923422,6.808988764044944,8.15230635335074,3.6360845819187992,"assets/20250716_16h13m12s_RadialCode_[[352,18,22]]"
