"[[n, k, d]]","a1","a2","f_x_exp","f_y_exp","g_x_exp","g_y_exp","kd²/n"
"[[12, 4, 2]]","(0, 3)","(2, 1)","1","1","1","1","1.33"
"[[14, 6, 2]]","(0, 7)","(1, 2)","0","1","1","0","1.71"
"[[18, 4, 4]]","(0, 3)","(3, 0)","1","1","1","1","3.56"
"[[24, 4, 4]]","(0, 3)","(4, 2)","1","1","1","1","2.67"
"[[28, 6, 4]]","(0, 7)","(2, 3)","-1","1","1","1","3.43"
"[[30, 4, 6]]","(0, 3)","(5, 1)","2","0","2","0","4.8"
"[[36, 4, 6]]","(0, 9)","(2, 4)","-1","0","0","-1","4.0"
"[[42, 6, 6]]","(0, 7)","(3, 2)","1","1","1","-1","5.14"
"[[48, 4, 8]]","(0, 3)","(8, 1)","2","0","2","0","5.33"
"[[54, 8, 6]]","(0, 3)","(9, 0)","-1","0","3","2","5.33"
"[[56, 6, 8]]","(0, 7)","(4, 3)","0","-2","-2","0","6.86"
"[[60, 8, 6]]","(0, 10)","(3, 3)","0","-2","2","0","4.8"
"[[62, 10, 6]]","(0, 31)","(1, 13)","-1","1","-1","-1","5.81"
"[[66, 4, 10]]","(0, 3)","(11, 2)","-2","-1","2","1","6.06"
"[[70, 6, 8]]","(0, 7)","(5, 1)","1","1","1","-1","5.49"
"[[72, 8, 8]]","(0, 12)","(3, 3)","-1","3","3","-1","7.11"
"[[78, 4, 10]]","(0, 3)","(13, 1)","-2","-1","2","1","5.13"
"[[84, 6, 10]]","(0, 14)","(3, -6)","-2","0","-2","2","7.14"
"[[90, 8, 10]]","(0, 15)","(3, -6)","-1","-3","3","-1","8.89"
"[[96, 4, 12]]","(0, 12)","(4, 2)","-2","1","1","-2","6"
"[[98, 6, 12]]","(0, 7)","(7, 0)","-1","2","-2","-1","8.82"
"[[102, 4, 12]]","(0, 3)","(17, 2)","-3","1","3","2","5.65"
"[[108, 8, 10]]","(0, 9)","(6, 0)","-1","-3","3","-1","7.41"
"[[108, 8, 10]]","(0, 9)","(6, 0)","-1","3","3","-1","7.41"
"[[112, 6, 12]]","(0, 7)","(8, 2)","-1","2","-2","-1","7.71"
"[[114, 4, 14]]","(0, 3)","(19, 1)","-3","1","-5","0","6.88"
"[[120, 8, 12]]","(0, 10)","(6, 4)","-2","1","1","2","9.6"
"[[124, 10, 10]]","(0, 31)","(2, -12)","-1","2","-2","-1","8.06"
"[[126, 12, 10]]","(0, 9)","(7, 3)","-1","-2","1","-1","9.52"
"[[132, 4, 14]]","(0, 33)","(2, -7)","0","-2","-2","0","5.94"
"[[138, 4, 14]]","(0, 3)","(23, 2)","-3","1","3","2","5.68"
"[[140, 6, 14]]","(0, 7)","(10, 1)","-2","0","-2","2","8.4"
"[[144, 12, 12]]","(0, 12)","(6, 0)","-1","-3","3","-1","12"
"[[144, 12, 12]]","(0, 12)","(6, 0)","-1","3","3","-1","12"
"[[146, 18, 4]]","(0, 73)","(1, 16)","0","2","-4","1","1.97"
"[[150, 8, 12]]","(0, 25)","(3, 7)","-2","1","1","2","7.68"
"[[154, 6, 16]]","(0, 77)","(1, 16)","-1","2","0","-4","9.97"
"[[156, 4, 16]]","(0, 39)","(2, -11)","-2","1","1","-2","6.56"
"[[162, 8, 14]]","(0, 9)","(9, -3)","-1","-3","3","-1","9.68"
"[[162, 8, 14]]","(0, 9)","(9, -3)","-1","3","3","-1","9.68"
"[[168, 8, 14]]","(0, 42)","(2, -16)","2","3","-3","2","9.33"
"[[170, 16, 10]]","(0, 17)","(5, -7)","0","-4","4","0","9.41"
"[[174, 4, 18]]","(0, 3)","(29, 1)","-8","1","6","2","7.45"
"[[180, 8, 16]]","(0, 15)","(6, 6)","-1","-3","3","-1","11.38"
"[[180, 8, 16]]","(0, 15)","(6, 3)","-1","3","3","-1","11.38"
"[[182, 6, 18]]","(0, 7)","(13, 1)","2","3","4","1","10.68"
"[[186, 10, 14]]","(0, 31)","(3, 7)","2","3","2","-2","10.54"
"[[192, 8, 16]]","(0, 12)","(8, 2)","-1","3","3","-1","10.67"
"[[196, 6, 18]]","(0, 49)","(2, -10)","-1","2","-2","-1","9.92"
"[[198, 8, 16]]","(0, 33)","(3, 9)","-4","0","-3","2","10.34"
"[[204, 4, 20]]","(0, 51)","(2, 14)","-3","1","-1","-2","7.84"
"[[210, 10, 16]]","(0, 21)","(5, 10)","-3","2","-3","-1","12.19"
"[[216, 8, 18]]","(0, 54)","(2, 16)","-2","-5","-1","-3","12"
"[[222, 4, 20]]","(0, 3)","(37, 2)","-6","-1","5","0","7.21"
"[[224, 6, 20]]","(0, 28)","(4, -6)","-3","2","-3","-1","10.71"
"[[228, 4, 20]]","(0, 57)","(2, 10)","-2","1","1","-2","7.02"
"[[234, 8, 18]]","(0, 39)","(3, -9)","2","3","-3","2","11.08"
"[[234, 8, 18]]","(0, 39)","(3, 6)","-1","3","3","-1","11.08"
"[[238, 6, 20]]","(0, 7)","(17, 1)","-4","0","-3","2","10.08"
"[[240, 8, 18]]","(0, 10)","(12, 3)","-2","1","1","2","10.8"
"[[246, 4, ≤ 22]]","(0, 123)","(1, 22)","3","1","2","-2","7.87"
"[[248, 10, 18]]","(0, 62)","(2, 25)","-2","1","-3","-2","13.06"
"[[252, 12, 16]]","(0, 18)","(7, 7)","-3","-1","2","-2","12.19"
"[[254, 14, 16]]","(0, 127)","(1, 25)","-1","-3","0","-6","14.11"
"[[258, 4, ≤ 22]]","(0, 3)","(43, 1)","-8","-1","5","1","7.50"
"[[264, 8, 20]]","(0, 66)","(2, 28)","1","-5","1","4","12.12"
"[[266, 6, ≤ 22]]","(0, 7)","(19, 2)","-1","-1","5","0","10.92"
"[[270, 8, 20]]","(0, 15)","(9, 6)","-1","-3","3","-1","11.85"
"[[270, 8, 20]]","(0, 45)","(3, -12)","-1","3","3","-1","11.85"
"[[276, 4, ≤ 24]]","(0, 6)","(23, 5)","-3","1","3","2","8.35"
"[[280, 6, ≤ 22]]","(0, 28)","(5, 12)","1","3","2","-2","10.37"
"[[282, 4, ≤ 24]]","(0, 141)","(1, 7)","-1","3","3","-1","8.17"
"[[288, 16, 12]]","(0, 12)","(12, 0)","-1","3","3","-1","8"
"[[288, 12, 18]]","(0, 12)","(12, 0)","-1","-3","3","-1","13.5"
"[[292, 18, 8]]","(0, 73)","(2, 32)","0","2","-4","1","3.95"
"[[294, 10, 20]]","(0, 21)","(7, 7)","-3","1","1","-3","13.61"
"[[300, 8, ≤ 22]]","(0, 75)","(2, 26)","-1","-4","-3","3","12.91"
"[[306, 8, ≤ 22]]","(0, 51)","(3, 21)","-1","-3","3","-1","12.65"
"[[308, 6, ≤ 24]]","(0, 77)","(2, -13)","-1","-2","2","-1","11.22"
"[[310, 10, ≤ 22]]","(0, 31)","(5, 11)","3","2","-4","4","15.61"
"[[312, 8, ≤ 22]]","(0, 78)","(2, -16)","-1","3","1","3","12.41"
"[[318, 4, ≤ 26]]","(0, 159)","(1, 17)","3","-4","-1","-3","8.50"
"[[322, 6, ≤ 24]]","(0, 7)","(23, 3)","-3","2","-4","-1","10.73"
"[[324, 8, ≤ 22]]","(0, 18)","(9, 6)","-1","-3","3","-1","11.95"
"[[330, 8, ≤ 24]]","(0, 55)","(3, 23)","-6","2","2","5","13.96"
"[[336, 10, ≤ 22]]","(0, 84)","(2, 37)","-4","0","-1","-3","14.40"
"[[340, 16, 18]]","(0, 34)","(5, -7)","0","-4","4","0","15.25"
"[[342, 8, ≤ 22]]","(0, 57)","(3, 15)","-1","-3","3","-1","11.32"
"[[348, 4, ≤ 26]]","(0, 87)","(2, 14)","-2","2","-1","-2","7.77"
"[[350, 6, ≤ 26]]","(0, 35)","(5, 13)","2","2","-4","1","11.58"
"[[354, 4, ≤ 28]]","(0, 177)","(1, -53)","-2","2","-1","-2","8.86"
"[[360, 12, ≤ 24]]","(0, 30)","(6, 6)","-1","3","3","-1","19.2"
"[[364, 6, ≤ 26]]","(0, 14)","(13, 4)","-1","3","3","0","11.14"
"[[366, 4, ≤ 28]]","(0, 183)","(1, 76)","2","3","2","-2","8.57"
"[[372, 10, ≤ 24]]","(0, 93)","(2, -16)","-3","-2","-1","-3","15.48"
"[[378, 12, ≤ 22]]","(0, 21)","(9, 6)","3","-3","4","0","15.37"
"[[384, 12, ≤ 24]]","(0, 48)","(4, 20)","-4","-3","3","-1","18"
"[[390, 8, ≤ 26]]","(0, 15)","(13, 1)","-2","3","2","3","13.87"
"[[392, 6, ≤ 28]]","(0, 28)","(7, 7)","-3","2","-3","-1","12"
"[[396, 8, ≤ 26]]","(0, 66)","(3, 18)","-1","-3","3","-1","13.66"
